reviewId,content,gender,location,date,score
fc9cc93a-055c-476b-b9d5-58c729411807,This app is sow beautiful,male,"Osaka, Japan",2020-06-18,NEUTRO
502e8fc0-1e13-4546-81ef-4764466dccbf,this app help you update the information..,male,"Singapore, Singapore",2020-08-22,NEUTRO
fc1c3e2f-751f-4c1c-9161-260c19ca2b98,I like it but it have problems 1 my account is ⚠ 2 no like Plsss fix it thank you,male,"Dar es Salaam, Tanzania",2020-12-09,NEUTRO
948e995f-b150-42d7-987e-de4fc7312975,Funny sya,male,"Austin, United States",2021-11-15,NEUTRO
795a8c39-a2d7-4f1e-8e7d-4c94ac6c1636,"I've been using tiktok for years. It is a good app for entertainment. But recently whenever i try to like a video the like will be undone and then ""you're tapping too fast, take a break"" thing will appear and it keeps bugging me bcs i can't watch tiktok videos properly. Pls do something about that. It's really irritating.",male,"Caracas, Venezuela",2022-01-10,NEUTRO
9815aaed-7fd1-453d-9e39-eee62d7bae0e,Fun,male,"Santa Cruz, Bolivia",2022-01-10,NEUTRO
7fbc8785-8599-45b8-96bf-be0b1824425f,ᴱᵐᵐᵐ,male,"Shanghai, China",2020-08-01,NEUTRO
4dcd1366-ecca-474d-9559-5a996f9f6dad,I like tiktok,male,"Bangalore, India",2020-08-08,NEUTRO
48b7c2e1-2a85-4ade-809c-c98048c15f4d,Why I can t log in,female,"Queenstown, New Zealand",2022-09-22,NEUTRO
ab9d83f2-2b52-4943-9aa0-80a2dc653944,Good,male,"Phoenix, United States",2021-08-13,NEUTRO
b3d2b7b1-5791-404c-bd90-486821076ef4,Good and awosome,male,"Fortaleza, Brazil",2022-02-05,NEUTRO
acae2949-d8ba-4f57-9d98-148aaa735399,"I have a problem, why can't I use TikTok filters anymore? whenever I use it, it says ""this filter doesn't work on your device"" please help :(",male,"Shenzhen, China",2020-07-20,NEUTRO
558484f4-a880-4fdb-b571-8d3fc2944209,"ᴛʜɪꜱ ᴀᴘᴘ ɪꜱ ᴀᴡᴇꜱᴏᴍᴇ,ʙᴜᴛ ᴏɴᴇ ɪ ᴅᴏɴ'ᴛ ʟɪᴋᴇ ᴛʜɪꜱ ᴀᴘᴘ ʙᴜᴛ ʜᴇ ꜱᴛɪʟʟ ᴡᴀɴᴛ ᴛᴜ ᴜᴘᴅᴀᴛᴇ",male,"San Francisco, United States",2021-09-14,NEUTRO
b1a34494-5d04-4258-8f41-3dc8a8daf1ee,Ilove this so much but i hate it now because of new update they ban kids for making videos in 2019 so many kids making tiktok like me so pls don't ban kids again BTW. I rate 3 star but i can change it if tiktok don't ban again by the way love you tiktok.,male,"Accra, Ghana",2020-10-19,NEUTRO
cc39d6bd-5951-47eb-9971-4826bf43d90d,ေကာင္းတယ္,male,"Austin, United States",2021-05-01,NEUTRO
4a79a2fd-ca6a-4a50-ac37-b3e5754232ab,Why cant i make an account!? i try everything! And the birthday is still wrong! I make all the years!,male,"San Francisco, United States",2021-03-20,NEUTRO
ce5562ea-cf11-4e19-8692-e4d0c333ee01,Benedict Ombao,female,"Port Moresby, Papua New Guinea",2022-05-15,NEUTRO
f46d3f86-e883-4ff9-ab7b-22ef694ed4b5,Soo good,male,"Mombasa, Kenya",2020-12-25,NEUTRO
02e26817-2de5-4bee-9102-743e60db84ae,bakit hindi po ako makapag send ng message... wala naman po akong violation.. May nilabag daw po ako sa community guidelines wala naman po,male,"Rosario, Argentina",2022-01-13,NEUTRO
ce2e77df-fe82-4315-bae2-aa8658e2df32,Ec,male,"Harare, Zimbabwe",2020-11-03,NEUTRO
5ec4e584-7906-4f54-aca1-7a3ea669068f,there's a feature that was added that i found really useful its called clear mode but for some reason it's gone for mine but not for the others i already updated tiktok yet it's still not there anymore,male,"Guadalajara, Mexico",2021-08-31,NEUTRO
7ab91454-1eeb-4ee1-9e03-1f1ddf538b0e,Good,female,"Brisbane, Australia",2022-05-12,NEUTRO
09bacdb1-9bdf-44ed-a300-8295b602fde9,It's good,male,"Shenzhen, China",2020-08-19,NEUTRO
092a1400-924c-4056-9ca1-c8e56371ea50,Good feeling new friend many idea joke new chalenge,male,"Nairobi, Kenya",2021-02-22,NEUTRO
0edb1666-f39b-4f93-a31c-5a32c29a8970,Iloves,female,"Canberra, Australia",2022-09-11,NEUTRO
fe0f9176-feb6-4374-bb5b-7cad0997a1eb,ttttte,female,"Medellín, Colombia",2022-04-13,NEUTRO
802ce071-28ca-4cc7-9c33-b2b2f526e1f3,"Please fix the content preferences, my #fyp are always full with cringe content from my country",female,"Canberra, Australia",2022-06-09,NEUTRO
a5b8e6bd-9fe5-4f87-a6bf-d63c650085d6,you,male,"Phoenix, United States",2021-08-27,NEUTRO
9b335426-88ac-420f-abee-470e473295b0,"Good, i have so much fun using this app",male,"Windhoek, Namibia",2021-01-08,NEUTRO
25e3fdc5-ba83-4379-ab0f-cf819225b6eb,Harurut,male,"Birmingham, United Kingdom",2020-05-18,NEUTRO
939505fd-0a37-4b82-9e87-c79e09d8ecee,Do not distribute,female,"Perth, Australia",2022-05-21,NEUTRO
b85555ef-263d-4be1-99eb-232190c003e7,I lose the vids in my search where it just shows users sounds and hastangs its really hard idk if its just me but pls help me fix it,male,"Marseille, France",2020-04-21,NEUTRO
e5201b15-208c-4d78-bd1e-553648e86c89,Good,female,"Nadi, Fiji",2022-07-29,NEUTRO
05922b4d-f208-460a-ad9a-fa8094f5f685,Ok,female,"Auckland, New Zealand",2022-07-25,NEUTRO
5ae6f279-bbc6-4302-aef8-55682db386df,the tiktok emojies have been glitching,female,"Christchurch, New Zealand",2022-08-15,NEUTRO
26091144-bc43-471d-9f32-745528b6057e,I like it,male,"Cali, Colombia",2022-02-23,NEUTRO
d6e9c2b6-8975-44e0-b6de-ce1b5036daac,It's a new experience.,male,"Seattle, United States",2021-10-27,NEUTRO
3052af40-e29e-44ab-89b5-7da2506869ca,"Why I can't update the app?? I already deleted some pictures, vids and other applications but still cannot update. What will I do?",male,"Casablanca, Morocco",2021-01-23,NEUTRO
a589bc4d-4bbd-454d-bf7f-3c7c68b3f93a,Just 3 cause it's always logging,female,"Lima, Peru",2022-04-17,NEUTRO
d769e69d-8efe-4b04-a4c0-afb361d8a198,"A little ungrateful. I've worked so hard on making 2 acc's to get more fame but you. You banned my other acc,i used my 2nd acc and you banned it,now why. I worked so hard to be fame,you dont even ban toxic people and h3ats like imagine i owned tiktok i would be grateful if i experience this.",male,"Phoenix, United States",2021-08-06,NEUTRO
3a7e30b0-59cf-4c85-9dd4-a36c2eef8a57,I made a account but you guys didn't let me but I still like your videos 🙄,male,"San Francisco, United States",2021-05-28,NEUTRO
f0ed5579-7c7e-4cae-9e2a-bee3a043a82e,It's good to use and it's convenient,male,"Athens, Greece",2020-05-11,NEUTRO
0341002f-7654-4089-a3ea-288e19e4d22c,Gd,male,"Amsterdam, Netherlands",2020-04-25,NEUTRO
ec5e602a-531b-45cf-bf28-6ea18ac451b0,Why the option direct message not showing at my tiktok,male,"Denver, United States",2021-11-09,NEUTRO
e72c9118-eb0a-41b5-9573-986ebde7995f,Tt,male,"Krakow, Poland",2020-05-15,NEUTRO
884dc33f-95c4-44b3-aff3-fb8ee593c650,Gg,male,"Cancun, Mexico",2021-12-07,NEUTRO
31b00bdf-c4f5-4796-a654-7c7fd174f838,Not work,male,"Pretoria, South Africa",2021-03-11,NEUTRO
7aa55346-7b68-4c97-9bfc-843fd3039661,"I'll just rate this app in 3 stars because will I like it though it just the filters and you know I download it again and again and it really annoy me and yeah it's just the filter , tiktok please do something about this , thankyou.",male,"Milan, Italy",2020-05-04,NEUTRO
4391499d-5a39-4bf3-ab5c-0ed117e2185a,"I dont have an option to maximize the video upload setting to hd my videos are too blurry, my app is in updated state",male,"Cancun, Mexico",2021-07-17,NEUTRO
885be7e9-abab-4ceb-82da-29e936db2e19,It was fun,female,"Quito, Ecuador",2022-03-07,NEUTRO
81e9602e-571d-4222-beeb-34434662b482,Like,female,"Brisbane, Australia",2022-09-25,NEUTRO
d83be374-240f-4f77-b8e3-a2d5bc9fa04e,The apps is okay but there's a time that Always lag and i don't open my Tiktok app it so sad,male,"Shanghai, China",2020-09-03,NEUTRO
5bc1c8b7-d65e-455c-92da-3c0688344743,I don't have profile views,male,"Algiers, Algeria",2021-01-26,NEUTRO
7144a572-1fcd-4a1c-97d1-254a6dab3e96,nice,male,"San Diego, United States",2021-04-30,NEUTRO
88b9a06b-ff0c-4700-970a-c63dadf50ab3,I don't want to update my tiktok,male,"San Antonio, United States",2021-05-03,NEUTRO
ac5a5305-83b5-4f08-ba01-62026933068f,This app help me when I'm bored but I give it 3 stars cuz there is so many sexuality that has been post in this app,male,"Hong Kong, China",2020-08-21,NEUTRO
0abbe2a7-5dd8-4a33-a39e-384116d1ce20,Good,male,"Algiers, Algeria",2020-11-24,NEUTRO
3fe65d66-a3ee-46cf-8825-a132bf98e8b3,I want see video,male,"Marseille, France",2020-03-26,NEUTRO
37e2f71f-eefc-4dc8-ac8e-585ba9b37cc5,"I don""t know",male,"Phoenix, United States",2021-07-28,NEUTRO
d2712bf7-7044-4a61-b410-2426e7718550,cute ko,female,"Port Moresby, Papua New Guinea",2022-10-01,NEUTRO
6be21d24-5971-49f3-b46a-b1ec45e20c84,dln KL😎,male,"Frankfurt, Germany",2020-04-30,NEUTRO
32a16660-60da-4a1b-8509-4d9dac575d5d,nyein si thu .,male,"Arequipa, Peru",2021-12-25,NEUTRO
8d9ff679-dc45-43ce-be06-f4691295cdc6,Why I don't have any filter while I'm doing live🥲,male,"Los Angeles, United States",2021-06-13,NEUTRO
886440aa-a273-45c3-a7b9-5f8ec2d93979,why do you keep forcing me to update my tiktok? it's soooo annoying!! i can't use my tiktok because of that : ( i don't have enough space on my phone okay? don't force me to update it pft.,male,"Pretoria, South Africa",2020-11-22,NEUTRO
78784d1a-bcf5-4ef8-a7df-06272ccfbdd3,Gh and good 😊😊 o kk No. FFp cool Pt HH. R mm llyo I. NM u M mm n my job m Tol Myg NH HH,male,"Algiers, Algeria",2020-11-28,NEUTRO
1a7c89d1-f861-4e77-9668-f690c6c4e4b2,Because of the new update i can't login now on my account i don't why it's just doesn't pop up ☹️,female,"Hobart, Australia",2022-09-21,NEUTRO
e65c8c60-7224-4e12-af36-2372736f91b6,Not bad,male,"Birmingham, United Kingdom",2020-04-14,NEUTRO
427f22ee-36b1-4466-897e-b757aed596a7,"i felt disappointed. after i updated tiktok, i couldn't open my tiktok apps.",male,"Ottawa, Canada",2021-08-14,NEUTRO
43b07147-9b84-4dab-8cf1-b621d6985f8d,So it's about you're new update I can't watch properly,male,"Monterrey, Mexico",2021-06-23,NEUTRO
7e4a2523-1b5d-4e24-a0df-5a8f3f5517c7,why on android there is still no dark mode feature is it difficult to add the features ?,female,"Gold Coast, Australia",2022-08-09,NEUTRO
e8543bde-b897-4d79-a6f9-421268e9df03,My experience in tiktok is nice but when I always go to playstore to download an app I can't download it because my tiktok is updating but I didn't ask for it to update and if I cancel the update my phone starts to lag pls fix this bug,male,"Abu Dhabi, United Arab Emirates",2020-07-19,NEUTRO
6b916928-2c6f-45d5-bf5f-b2fc2519c5b8,Good✨👍,male,"Zurich, Switzerland",2020-01-25,NEUTRO
398af51b-2f33-46a3-ae59-bf82fbf785cf,New update confusing..the old version much better to looking data,female,"Hobart, Australia",2022-06-12,NEUTRO
7fa11de5-bad5-4af4-a5eb-57763138ecfd,The new update is annoying I cannot use the beauty and the filters when i don't have a wifi😭,male,"Pretoria, South Africa",2020-11-20,NEUTRO
8b7da55c-6ed6-485f-bc5e-2495af8bc83f,"i can't use my filters without internet connection, what did happen?",male,"Algiers, Algeria",2021-02-13,NEUTRO
8e24f677-94ac-42cb-8c07-de5fc7504509,Bodomo,male,"Krakow, Poland",2020-04-26,NEUTRO
2bdd810d-02eb-41ad-abac-9e99fd617766,Ok I'm having problems with this app. When the video plays the audio only lasts a few seconds then goes completely mute. Is there any way to fix this?,male,"Phuket, Thailand",2020-08-11,NEUTRO
58b847a8-67d7-4a84-948b-0c7a3d75d6dd,chelseaibe,male,"Lahore, Pakistan",2020-08-11,NEUTRO
f8dc7905-bac3-466d-835f-5b872a87cd08,Good,male,"San Francisco, United States",2021-11-16,NEUTRO
abc43989-f0e3-4b01-a4e3-4024ae5f6d9c,Fu*k u,male,"Athens, Greece",2020-05-11,NEUTRO
64dc4269-4a26-4db1-8593-c6516ecdc38b,I rate it 3 bc I don't get All the updates,male,"Doha, Qatar",2020-07-07,NEUTRO
5f9ef315-c1e2-4b19-bd28-d9861d57a353,It's good but sometimes my TikTok always got ban bc of my daughter and my daughter is so mad at it..... So I gave it 3,male,"Kumasi, Ghana",2021-02-05,NEUTRO
a7798892-91ef-45e4-9122-1bc9eb30ecfb,Video gw susah viral,male,"Mombasa, Kenya",2021-02-05,NEUTRO
be641228-1a63-4f7d-b0eb-2aae6ca3ab43,Intellgent,male,"Lisbon, Portugal",2020-02-14,NEUTRO
a57a097c-597e-499a-9191-f496b68d757f,4•|•☆•@•Z,female,"Christchurch, New Zealand",2022-10-03,NEUTRO
9b3d9fff-5f5b-4c19-9d04-a1ad0ce32c96,"okay now I can make an account thank you for fixing it, but when I made a new account I can't follow people's account now no matter how hard I tried. Please fix this as soon as possible.",female,"Lima, Peru",2022-04-28,NEUTRO
d8a0b52d-179b-45ae-86bc-9340b385661f,ARIAN,male,"Lima, Peru",2022-02-22,NEUTRO
25f93c85-1c1a-4790-8140-3989926a1d44,"The ""save photo"" has problems i couldnt find the photos i saved in my camera roll",male,"New York, United States",2021-12-07,NEUTRO
c88957a8-c3b5-4f2e-bc8c-2a5158e6a194,good,male,"Mombasa, Kenya",2021-01-31,NEUTRO
518e2ba2-bb5a-442d-93b3-142430d5dfe6,TIKTOK STOP BANNING INNOCENT PEOPLE THEY DIDN'T DO ANYTHING AND GACHA TOO (btw I'm happy that u band meowbah😍),male,"Jacksonville, United States",2021-11-02,NEUTRO
edc786fb-d77b-4d29-aa0a-702096b2a2f3,Bruh why you not ban mid like meow bahhh why you Bann the sad day and not mid you TikTok are so bad,female,"Montevideo, Uruguay",2022-04-26,NEUTRO
65721115-a703-4af6-bf4e-c893fce9bf3b,zeii ran,male,"Santiago, Chile",2021-12-24,NEUTRO
c6d206af-673c-4c66-aaa0-a10110c7967d,2 times updated but running not very smooth. lag ..,female,"Brisbane, Australia",2022-06-09,NEUTRO
ee3e5ceb-9e22-434d-9298-959a07335b68,Hindi na ma gagamit ang filter kapag walang wifi/load,male,"Valparaíso, Chile",2022-02-22,NEUTRO
77d789ff-d399-4c57-b6fb-483acb3e63da,Ah sige,male,"Asunción, Paraguay",2022-01-06,NEUTRO
0cd34c4a-6667-4925-9a57-bb38b331da31,God is. The truth,female,"Sydney, Australia",2022-07-07,NEUTRO
814b93e1-bf8b-48dc-8937-90062b16d117,"app ok tapi ada sesetengah budak perempuan sekolah rendah yang jenis panas baran nak mampus berkeliaran dekat app ni takleh nak ajak joke, babi betul lah.",female,"Medellín, Colombia",2022-03-11,NEUTRO
6e92b95e-f5f6-45c7-a16e-b01833b8a952,Great app,male,"Durban, South Africa",2020-11-27,NEUTRO
bd3069e9-b362-4dd2-9a6a-e6dec28095d5,Hanging,male,"Toronto, Canada",2021-05-21,NEUTRO
703c241b-11d5-4dfd-a69d-ede9bece1cb3,"Everything else is working fine. I can watch videos, and like them. The only issues are that the app is laggy when I tried to scroll through the videos and I can't find my friend's tiktok account on the contact. For now, I'm giving it 3 stars. Good app tho.",male,"Vienna, Austria",2020-03-31,NEUTRO
853eda9e-b468-4c21-b910-001ecadf652b,Thats good app,male,"Cape Town, South Africa",2021-02-23,NEUTRO
d257f299-4cd5-4f00-af41-a67f80bcb2f4,ok,male,"Montreal, Canada",2021-10-05,NEUTRO
79988db6-4423-4bdd-b471-363e17866fc2,Yhgoo lol wash it wwqq and I am yy,male,"Ho Chi Minh City, Vietnam",2020-08-02,NEUTRO
9489d620-04a2-4a0a-bc96-01482adfbc93,I rate 3 lang kase minsan hindi ma download yung video,male,"Montreal, Canada",2021-08-02,NEUTRO
058e9f6f-66d2-4b41-b700-2ce8421ad95d,Lates/trending filters wont show up,male,"Dar es Salaam, Tanzania",2020-11-28,NEUTRO
3fb9b9db-1e04-4b43-ab71-058ab374df6c,I like the app much but i just put a 3 star cus its many many adds or something and lag idont ting if its just my phone cus win i open other app its not lag plls fix dis and for a year you most updated it its so many tingi but its really fun app and i love it thank you so much for making this app its a nice app and cool you can add friend any friend you can chat wid friends to nice app,male,"Manila, Philippines",2020-08-17,NEUTRO
70a6429d-d4b6-4322-9c7b-ec769d7d8c76,Ok,male,"Accra, Ghana",2020-12-25,NEUTRO
6b544745-2e51-49f9-9b85-e06edfeaf19a,Hello tiktok. i want to ask why did my account banned? I didnt copy peoples photos or names.,male,"Seattle, United States",2021-08-20,NEUTRO
7184540b-6aea-43b7-975d-a995659c5880,Hi TikTok,male,"Cancun, Mexico",2021-04-10,NEUTRO
34fa0d8d-9631-4310-bdd6-1d7788f70ec9,"I am sorry tiktok , how come tiktok became long duration maybe until 9 minutes, is that tiktok battle against youtube ??",male,"Washington DC, United States",2021-03-21,NEUTRO
9ba9713b-9ea1-4548-859e-028d44d72224,very good,male,"Lima, Peru",2022-02-19,NEUTRO
7decfc65-c933-421e-8b2b-32765eed4812,I keep pressing not interested in videos but they still pop up at my fyp. Please fix this make my fyp similar to my past likes instead of where I live,male,"Vancouver, Canada",2021-10-07,NEUTRO
09553714-775d-407c-95a2-ebaf295093c6,"please remove the update icon in the tiktok, don't force people to update the app. Sometimes we don't have anymore space so we usually don't update the app :>",male,"San Antonio, United States",2021-08-10,NEUTRO
3bdc1681-9056-4ab2-8fe6-8aec7471fca9,It's good,male,"Warsaw, Poland",2020-04-20,NEUTRO
fccd6a47-d037-4ebf-bdd3-9fa96449494b,Amazing,male,"Rome, Italy",2020-01-15,NEUTRO
b5ac8bb4-d61b-450f-8f7d-e7bf196bf838,IDK🥵,male,"Kampala, Uganda",2021-01-07,NEUTRO
efac322d-4aac-41cd-b384-6c0d528c101a,Its nice,male,"Dublin, Ireland",2020-04-27,NEUTRO
0db44beb-557d-4691-8c80-0318d559d9f9,Okay Sya no explanation.,male,"San Francisco, United States",2021-10-18,NEUTRO
2544a445-d53c-4d60-b9a5-9015fe56087f,Ban mer sbay hx ban lg sbay tt Loy mg,female,"Suva, Fiji",2022-05-12,NEUTRO
4f48da66-7453-431d-950b-fdda6d7e3c68,The problem is that if im going offline the effects will not show up its always like you have no internet connection,male,"Montevideo, Uruguay",2022-01-12,NEUTRO
8a355d46-2e7a-4b74-bff3-2f30d86e8ec3,good,male,"Seattle, United States",2021-03-20,NEUTRO
ab4dae69-9878-45c2-a2c8-af5f4365c274,Nice,female,"Córdoba, Argentina",2022-04-22,NEUTRO
54679a77-008b-4876-9112-f68a6ac75c48,I like titkok,male,"Rio de Janeiro, Brazil",2021-12-20,NEUTRO
841f721b-7732-4dfe-a819-1c0c2ba84155,"Crashing problem, please fix it, need to reboot phone while stuck-crashing",male,"Dallas, United States",2021-06-07,NEUTRO
8f18ba42-f67f-456c-af52-bdfdd7dfa1e1,Ok lah,male,"Calgary, Canada",2021-08-31,NEUTRO
8b28c9c9-9e91-489f-a67c-d233848762ac,"I can,t Make Another ACC Because im banned",male,"Manila, Philippines",2020-06-27,NEUTRO
5f84c8cc-7cd7-419e-824b-aa6748758e64,Ok,male,"Valencia, Spain",2020-01-15,NEUTRO
7d00c6b8-2d8d-46bc-8b01-5a8009bfb66e,Tiktok ano ba toh bkt nabura lhat ung Live wallpaper ko sana etong update nio ehh mka save ako ng live wallpaper,female,"Queenstown, New Zealand",2022-07-15,NEUTRO
b6320eeb-6bf6-47c7-99c5-034b49b608be,I like tikTok the same,female,"Sydney, Australia",2022-09-01,NEUTRO
f9ee5e71-50d3-4b9b-bcba-70a51929b4d1,I like the app but i dont like it a little bit cause of the live seling and other people that go live is so anoying and may TikTok is some times lagi because of live and live seling,male,"Quebec City, Canada",2021-05-25,NEUTRO
d8fefd61-5141-4f11-a9a4-07b4fc78c44b,wow so experience,male,"Calgary, Canada",2021-08-04,NEUTRO
36caaecb-c4c3-4b02-bad1-2694692106ad,This up very amazing,female,"Valparaíso, Chile",2022-03-06,NEUTRO
6e84ddd3-1def-4d01-be8f-d9e0bb2c9a45,Ayaw akong bigyan Ng Jowa.😡,male,"Warsaw, Poland",2020-04-05,NEUTRO
d4ab8a8a-5fba-4c17-ab4a-cc321e3bbd7a,I really like TikTok but somehow theres a issue.. TikTok is banning innocent people and not people who is doing inappropriate! This needs to stop NOW. when we report a video of someone who does bad things it won't work then when someone does nothing bad they ban them I don't really like how it is please fix it,male,"Asunción, Paraguay",2021-12-26,NEUTRO
8407041a-c9f0-47c3-b088-ddc2664f9218,သိပ်မကောင်းဘူး,female,"Santiago, Chile",2022-03-11,NEUTRO
490b3c92-7abb-49c3-8737-89f155362a21,Maganda Naman po siya .. Yun nga lang po palaging kailangan i-update ..pataaas Ng pataas Yung mb .,male,"Bali, Indonesia",2020-08-23,NEUTRO
573ff4e5-7f24-42a8-b467-adadd997d368,It's good bcus I'm already playing this app everyday,male,"Monterrey, Mexico",2021-07-20,NEUTRO
1f2a3525-ad67-4cf6-ab84-93c79a7d95c8,"I love it,😸",female,"Medellín, Colombia",2022-03-21,NEUTRO
9df5c96c-af02-4b1d-9196-8ec627dbc315,"tiktok có thể nào mà cập nhật thêm tính năng block content, hastag, từ khoá không =))) lướt toàn trúng toxic với mấy thứ khùng điên",female,"Hobart, Australia",2022-08-13,NEUTRO
d02c937f-bb67-42fa-8bc5-fd08d348eb14,"Can you fix the bug guys? cuz when i go to home it says no videos her try again later and when i triedd again it says it again., and when your trying to log in it already says ups you account has been suspended",male,"Tripoli, Libya",2021-02-17,NEUTRO
d912e5b0-e272-4d9f-9687-e00d1946cc91,Good,male,"Singapore, Singapore",2020-05-29,NEUTRO
11ad45d4-8b6e-4de3-8749-6c5c73818e04,Lag,male,"Córdoba, Argentina",2022-01-02,NEUTRO
df524fd8-dd15-4432-a9ae-80904be2c712,I like the new version of TikTok apps.,male,"San Diego, United States",2021-09-09,NEUTRO
9a699aae-a39a-4741-804b-27901d624de7,Ayos sya,male,"Denver, United States",2021-05-09,NEUTRO
9fbc732b-d6df-4159-bddd-48ec7dd491f3,I couldn't update the app and I uninstalled it know I can't seem to download pls fix it I really really hope u do tiktok pls it's a nice app but updates make it lag pls fix it thank you,male,"Nairobi, Kenya",2021-01-26,NEUTRO
c2d30c91-b3f3-4b00-9950-939f74ff954e,"Hai, my tiktok effect button search 🔎 not show...plase fix it, i already report to tiktok but still no answer, tq",male,"Edinburgh, United Kingdom",2020-01-24,NEUTRO
1b654a75-bdc2-44b1-9b1d-16320e9ee4dd,Rolandomendo,female,"Hobart, Australia",2022-07-16,NEUTRO
3aef9c8b-3b38-430f-b827-345c1e8038a9,Good,male,"Johannesburg, South Africa",2021-01-16,NEUTRO
0e8d53ae-bfb9-444d-8699-3852d57223cd,its a very good apps,male,"Athens, Greece",2020-02-10,NEUTRO
129866d5-4513-4b80-82d4-67beee3a8610,ោ ថាបងកិ,male,"Warsaw, Poland",2020-04-09,NEUTRO
42345503-1346-42ba-a4a6-16680f5ef36b,Lovely123,male,"New York, United States",2021-08-15,NEUTRO
2255f9f4-fd86-40a8-a742-8f02375fc1a0,Its fine but i tend to get bored,male,"Hamburg, Germany",2020-01-31,NEUTRO
3f8596a7-0e31-436e-b302-0298be2b3ab1,"when i add the video that im going to add its just black and i can't click the sound, effects but when i try my other video its working and sometimes the video is not working even though my wifi is good i hope this get fix its really annoying",male,"Valparaíso, Chile",2022-02-08,NEUTRO
8a3115e9-21c1-48e1-a518-7d185ce6aa3b,Nice features and videos as well,male,"Santa Cruz, Bolivia",2022-01-17,NEUTRO
58d85fc1-cc26-45ee-a811-9d03069da9ae,Super awesome 👍👌,male,"Glasgow, United Kingdom",2019-12-31,NEUTRO
1cde457e-4b70-45e3-8258-76ec000ed488,TikTok please get this glitch out it's always so annoying that glicth is that when you follow someone but it won't show at your following list. Please fix it.,male,"Phoenix, United States",2021-10-09,NEUTRO
aae45ea5-21b8-4caf-820c-a66ce07f3c86,The tiktok is nice but I can't upgrade it properly when I upgraded it will said that there is a problem.,male,"Abuja, Nigeria",2020-11-01,NEUTRO
417a7054-4a69-40e8-995f-31b2ec833664,It's very interesting.. I learned more..,male,"Kuala Lumpur, Malaysia",2020-10-16,NEUTRO
c1635c02-dc8d-4247-831e-78a3bf98cd46,"I'm okay with it somehow but please.... The storage, please lower it a bit.",female,"Port Moresby, Papua New Guinea",2022-05-12,NEUTRO
ebc9c22e-777e-4644-b9b4-b68e304c8fdf,this is amazing app,male,"Marseille, France",2020-03-08,NEUTRO
6a7b6e9c-f6b6-4606-8e5a-2e50a8ba83ed,I love you tiktok🐷🌼,male,"Casablanca, Morocco",2021-02-21,NEUTRO
97789a20-ba4b-4dc2-9eda-c4901e87e6b9,It soo fun to scroll tiktok,female,"Wellington, New Zealand",2022-08-20,NEUTRO
5799d4d5-ccef-4bff-a404-619da07ce360,"Everything is fine, but for some reason I am not able to see products in tiktok shop? Already have my account set up and everything but for some reason I cannot see products listed when clearly on another phone there are products. Till then, 3 stars.",male,"Stockholm, Sweden",2020-03-23,NEUTRO
be9116b8-e82f-4b28-8fe8-16ae58152edc,Please please make dark mode for android :/ samsung,male,"Jacksonville, United States",2021-09-02,NEUTRO
65efc0c6-422b-4e06-aae1-6641cbed6ed7,ချစ်ချစ်,male,"Phuket, Thailand",2020-09-13,NEUTRO
102120af-8a72-4477-8a91-216ba696563e,3 stars because it has so many problems in uploading my vids,male,"Shenzhen, China",2020-08-15,NEUTRO
bd39dc30-ea82-4ecc-8f22-ed06d46a616b,There's one problem on TikTok because it always say that I'm not edible pls fix this,male,"Cape Town, South Africa",2020-12-02,NEUTRO
afaf1b59-5c34-4107-b580-413fd8bb36cc,Good,male,"Salvador, Brazil",2021-12-18,NEUTRO
7280ff80-6d1c-4e3e-aa0b-1c184e19f858,"Hello, i just wanna say that i really like this app..but there is one glitch that it doesnt open or pop up after installing it only pops up/work if you unitstall it then install again. I hope you guys fix this, thank you.",male,"Pretoria, South Africa",2021-02-23,NEUTRO
4272f5e7-f21a-46cb-8a70-3c3d7e1a29c4,Ok,male,"Brasília, Brazil",2021-12-20,NEUTRO
45347fdd-4585-4bae-b2ad-733775008fcc,Shaira jaylo,female,"Auckland, New Zealand",2022-07-15,NEUTRO
59605c64-47cf-4191-9d33-2ad6f2c65600,south yan kaung,female,"Wellington, New Zealand",2022-07-08,NEUTRO
b929acbb-c144-4002-aeea-9b96ddd657b2,ZADZZY pls unflop me now 😔😘💅or you not ate☹️😍,male,"Toronto, Canada",2021-06-21,NEUTRO
871f511e-f0e7-4e44-9e30-a8fd75ac3dd0,Walay libreng hotdog,male,"Delhi, India",2020-09-11,NEUTRO
bfadd506-02b2-4e7a-9892-61f2662877c4,"You always ruin the quality of the video,please make it hd",male,"Los Angeles, United States",2021-09-26,NEUTRO
1c4bbc23-ecc6-44db-91f6-5f8ad2d0eedf,It's good 😊 but sometimes it's log but it's ok,male,"Frankfurt, Germany",2020-03-29,NEUTRO
a6933581-1eb9-4ea0-b646-cf7514ddee19,So I am very annoyed with the fact u want me to update even if my storage is half ful and I can't update tik tok bcz of it and there's something wrong with my Wifi when the bar or WiFi is fine like- I just hope u understand tik tok Pls try to figure out why it's doing that I just want to watch,male,"Durban, South Africa",2020-12-07,NEUTRO
25c9c1de-68ff-4de9-bb9e-fc89875e99c8,"i love tiktok, but how did i got banned and what did i git banned for? I don't understand",male,"Abuja, Nigeria",2020-10-28,NEUTRO
052d6eaa-43a0-4a99-bced-43637c776fb5,It's good 🤗,female,"Sydney, Australia",2022-08-18,NEUTRO
50292ea8-ba0b-4d99-980e-9a0c41bf1214,I already updated but still not working the filters 🥺,male,"Vancouver, Canada",2021-07-16,NEUTRO
09142152-f01e-452e-a630-2c08ffd81206,I love this but I was working so hard I can't even got a 55 likes😔,male,"Pretoria, South Africa",2021-01-27,NEUTRO
81bf6201-8628-4421-89b3-613e3ef608f3,សំណាង,male,"Karachi, Pakistan",2020-10-08,NEUTRO
0121afa7-8cca-4d09-8b69-5a000158a3ee,Eh ok lah,male,"San Jose, United States",2021-06-15,NEUTRO
95fb677b-f73e-4c8e-8a84-638cb471698c,This app is soooo cool,male,"Monterrey, Mexico",2021-06-16,NEUTRO
01b5d9d4-0628-48fc-be2d-6d527c1de3a4,👍 nice,female,"Auckland, New Zealand",2022-05-15,NEUTRO
ef498c65-9de2-4be9-a612-f4477be2e6bb,I'm enjoying and so panny,male,"Monterrey, Mexico",2021-05-15,NEUTRO
17cddfe9-bd38-4165-9293-2aea97149e41,happy for her to the many friends.,female,"Brisbane, Australia",2022-09-10,NEUTRO
6ff00562-c80b-42d9-9d1e-a9255047c902,This app is so weird😡,male,"Brussels, Belgium",2020-02-16,NEUTRO
cff0e570-fc9c-4024-a116-480da07c5a07,Log when i tiktok,male,"Washington DC, United States",2021-09-02,NEUTRO
c8904769-287f-4b32-99af-f04b81ce4f0e,i can't make video on tiktok when i finish uploading video its always popup black screen...,male,"Casablanca, Morocco",2021-02-28,NEUTRO
0f30c9e5-259e-43b2-ac8d-74460311f1b2,Ubgingii,male,"Casablanca, Morocco",2020-10-29,NEUTRO
b6c38e5f-0687-4296-86ad-596a300e8b5b,it's kinda bit good sometimes it makes my day best when i watch it.,male,"Denver, United States",2021-05-03,NEUTRO
52136b11-c61e-4cd4-87f6-aae404e95c98,"I want to say something,for some reason I cant download any videos I already delete some videos in my phone but I still can't download anything can you look for it thank you",female,"Wellington, New Zealand",2022-10-02,NEUTRO
a04b1240-577b-4442-96d4-768d8adec79d,Good app,male,"Alexandria, Egypt",2021-02-01,NEUTRO
057b9de1-99bd-4f8d-8f83-7b865a0d8942,"Hello, lately my FYP only shows my following accounts videos, instead of recommending the trending videos I might like. I like the older version of algorithm more. If I want to see my following I can just tap following, not on my FYP. My FYP is boring now.",female,"Christchurch, New Zealand",2022-08-05,NEUTRO
a8507efd-d557-4dc8-b20d-8bc72aa0de3b,This good apps,male,"Tijuana, Mexico",2021-06-18,NEUTRO
4319845e-01c1-4e2b-9ff7-12522548583d,this application is very good but ads and updates always appear even though I have updated and when I update this application this application always cannot be updated. I hope this problem can be solved,male,"Abuja, Nigeria",2021-01-27,NEUTRO
810c484f-8450-43a3-987f-73809b8f5c27,nice app of tiktok,male,"Hamburg, Germany",2020-03-08,NEUTRO
040d1e3a-c064-4c37-ae37-72c753132445,Ygug,male,"Zurich, Switzerland",2020-03-25,NEUTRO
5256f828-e488-4b91-bda2-f29a4cec59a8,this app doesn't work on my phone anymore after updating it im a bit disappointed cuz i can't use it anymore on my device😢😢,female,"Wellington, New Zealand",2022-05-21,NEUTRO
b0007fc7-e4d7-4cbe-ba5b-5649c4b01605,"Hi, why I cannot install this apps ?",male,"Helsinki, Finland",2020-05-09,NEUTRO
9c64eecb-413c-4b18-aec6-160a532191ab,I have a lots of updates but i dont have the update that you can see who ever visits your account whats happening,male,"Chennai, India",2020-10-14,NEUTRO
fbae8652-e09a-454f-91c2-1d6f2839c0e0,"After updating, the sticker/filter button on top of the creator's username just doesn't pop up anymore for ALL of the videos. Also, when scrolling sometimes it just shows the video as a black screen. You could still hear the sound playing as you scroll but the videos aren't showing so u have no choice but to close and reopen the app.",male,"Addis Ababa, Ethiopia",2021-01-04,NEUTRO
488c4cf3-232f-4c91-a59d-56e52fdf2064,buggy,male,"Krakow, Poland",2020-03-07,NEUTRO
623d90d4-0563-454f-8554-cbf7b2763377,3star because didn't all comments about TikTok. It is followers that your follow,male,"Chennai, India",2020-07-21,NEUTRO
d36072f7-0019-4760-9eb0-899904345667,Clear experience,male,"Tokyo, Japan",2020-08-10,NEUTRO
84a9fd3a-9724-4005-97d1-c5fae500bd9a,This app is very fun but why can't I add video to the Favourite? ....,male,"Dar es Salaam, Tanzania",2021-03-03,NEUTRO
41de1f48-a71f-4963-a020-6cd176bab06a,"Very nice i oike it but i don't like copycats and Faker,That because i only rate it three Stars! AND i have 0 likes and 0 followers and please Follow/like my videos please Thank you so much",male,"Edinburgh, United Kingdom",2020-05-13,NEUTRO
2ef8d898-f442-4c7b-8824-9c5190fdb035,great,male,"Dallas, United States",2021-09-04,NEUTRO
8f953798-c349-49a2-9fdf-7d328e106691,Hhhhpoo,male,"Jacksonville, United States",2021-04-13,NEUTRO
506ab2d6-254b-4825-88b8-3074686f64a7,i don't like it sometimes you can't order when your under 18 so sucks,male,"Houston, United States",2021-11-27,NEUTRO
b8bc0f05-9c67-458b-848e-1dc72ab45024,T. The RC. .,male,"Jerusalem, Israel",2020-07-17,NEUTRO
ca3cfaf5-c453-485d-8f2d-36ed5961ab3b,"I tried saving photos from people's video's and even though it says that the photos are saved it's not in my gallery, i've tried again for a few times and it still didn't work. Pls fix this!!",male,"Karachi, Pakistan",2020-08-28,NEUTRO
7b5749b2-ed35-4d69-b8db-f07199063d68,Nice,male,"Houston, United States",2021-04-03,NEUTRO
31fb3586-7894-4097-82af-7df0d2821ad6,Everytime I update the app the update doesn't show,male,"Rabat, Morocco",2021-02-03,NEUTRO
b8e2c0e9-531a-4a67-bfef-1fe73a5dbabc,"I love this app, there's no issues at all. Except for the quality. Whenever I post an edit that I exported on 4K and 60fps, tiktok would always ruin it. Like I can barely see the actual edit because of the pixels and blurriness. Can you guys fix this? It's honestly getting on my nerves ong.",male,"Abuja, Nigeria",2020-11-19,NEUTRO
7c25769f-1473-4cc7-8d3f-e50b42f6760b,I like Tik Tok,male,"Milan, Italy",2020-05-15,NEUTRO
da97f52e-b810-4294-8ae5-ed721a47d01d,lag tiktok,male,"Montreal, Canada",2021-05-14,NEUTRO
6c70177e-3ccb-4ef0-94c2-b668ee3e1f5f,I love this,male,"Durban, South Africa",2021-01-06,NEUTRO
8ae66a7c-f80f-438c-860d-aab299ad0fa0,Tik Tok,male,"Lagos, Nigeria",2021-01-13,NEUTRO
3a30d3a5-ed91-4c85-b164-f638f5fe0321,Not showing hd upload video option in my device,female,"São Paulo, Brazil",2022-03-12,NEUTRO
ef3964bc-16e9-426d-997e-88e29da312a6,I like this app but i hate to update agin by again why please can u fix it,male,"Athens, Greece",2020-02-18,NEUTRO
8160d510-d62e-4687-b3b5-a285a8b5b9ce,Furious,male,"Ho Chi Minh City, Vietnam",2020-07-07,NEUTRO
b7ee279d-4e98-4fe2-8bf1-993b266038e8,❤️,female,"Adelaide, Australia",2022-08-22,NEUTRO
e65fdc22-54df-4a9c-a0c4-3f87d3beb763,"Cool! But I Can't Follow Some Users If I Follow One People I will look at my following list,Lost the follow will disappear",male,"Lusaka, Zambia",2020-12-12,NEUTRO
a0196b6a-dae1-4fa2-ab68-6836169ecc3e,Log in facebook account is not working. How can i log in my account now???,male,"Copenhagen, Denmark",2020-02-27,NEUTRO
e3b2895e-37e4-42ab-8fdd-6801e0475a4c,Learn more,male,"Tel Aviv, Israel",2020-08-15,NEUTRO
bef21c2e-fb06-4c8b-a98e-b9a63a6cb3b0,Happy And fantastic,male,"Vienna, Austria",2020-03-11,NEUTRO
6f336176-5fbe-4ccd-92cf-058dde5e30aa,Good,female,"Sydney, Australia",2022-09-11,NEUTRO
619c8540-f40b-4add-a155-98a7d8c43b51,𝙶𝚘𝚘𝚍 𝚝𝚒𝚔𝚝𝚘𝚔 𝚊𝚙𝚙𝚜 𝚋𝚞𝚝 𝚒 𝚐𝚒𝚟𝚎 3𝚜𝚝𝚊𝚛,male,"Dakar, Senegal",2020-11-01,NEUTRO
1f21cb0e-32d8-49e9-9cec-48825646f7ea,Jn 2kknzzjjj wjhjaZ,male,"Shenzhen, China",2020-06-12,NEUTRO
25a0bce0-d16d-4e09-9a6b-3a7bef016d97,Ok,male,"Manchester, United Kingdom",2020-04-07,NEUTRO
840aa3af-7756-4059-99dc-c992bcb00b93,Happy,female,"Fortaleza, Brazil",2022-04-08,NEUTRO
ef21fd23-1d4b-46fc-8ac2-82b981cdf10a,I hope someday tiktoks updates will have ads like youtube or facebook ads that can pay you money for the views❤️ i cant wait for that day❤️,male,"Montreal, Canada",2021-07-15,NEUTRO
f8cf5ad2-f307-46c8-a7a0-fc230184fdf7,pretty good but my phone keeps laying so i hope I fix it🕸,female,"Suva, Fiji",2022-06-26,NEUTRO
1b5812a5-4bd4-465f-b203-e1569453bec3,When i use it for too long it starts lagging .,male,"Mombasa, Kenya",2021-01-23,NEUTRO
72da8934-0e6b-4328-872d-23d5f2c2c5af,This app is good.. But why I checked.. To make a playlist.. But.. I cant make it.. Soo.. Plz fix this problem.. Thank you..,male,"Cairo, Egypt",2021-02-26,NEUTRO
94a460db-0b04-4349-a701-1935b6cb8b41,I't so garaet on tiktok,male,"Denver, United States",2021-06-08,NEUTRO
de026575-6bf0-4cc8-8c41-4d6bb1112550,Yes I' l l A we need calls meek off mericanize.,male,"Ottawa, Canada",2021-09-24,NEUTRO
eb9e90c6-9b52-470b-9045-f34a69c1216c,Well well well,male,"Vancouver, Canada",2021-06-03,NEUTRO
58ddb956-356e-42bc-95f4-cba3933d6475,"Emm... Sorry but when i try to sing up and when it ask when is your birthday and i answered it just keep saying "" sorry, looks like you're not eligible for tik tok... But thanks for checking us out "" but yeah i saw tik tok around youtube and it look fun",male,"Phuket, Thailand",2020-09-05,NEUTRO
c309827c-1aa9-41fe-8be2-2f3d8ca36820,Anai,male,"Houston, United States",2021-07-13,NEUTRO
12b422cf-ba42-449c-aabb-9350d9cf2f3b,TikTok Browser it trash,female,"Nadi, Fiji",2022-08-11,NEUTRO
e3f8158b-b910-4c1e-9ef8-93fe2f34de51,"Its a very good app, but please add a dark mode option. And now whenever im switching accounts, they tell me to update email and number",male,"Quebec City, Canada",2021-07-14,NEUTRO
403dd166-7421-453a-a885-96c7ee4a5c20,so hard fyp my video,male,"Tunis, Tunisia",2021-03-14,NEUTRO
a93782e1-8d59-4fdc-8d30-17a1f80376a6,"Tiktok shop gives me extra income, thanks for this tiktok❤️Just hopes my views during live will not decrease anymore, it keeps on decreasing, can't even sell like before though😢 edit can't even get 10 plus views now what is this tiktok",male,"Rome, Italy",2020-03-09,NEUTRO
a3ffda83-bcd4-4b4c-a7aa-0db91c90309e,"Hi Tiktok,why did you ""permanently bannen/suspended"" my account i didnt do anything..i just posted 4 videos...and i cant delete my acc...i hope you notice my comment,thx",female,"Adelaide, Australia",2022-09-19,NEUTRO
6eb3b60b-6656-410f-a205-4ede24c91ff0,so good,male,"Vienna, Austria",2020-01-17,NEUTRO
c1fb1220-9ba9-483f-bacc-f9fdde79825e,"This app is so good, but why I doesn't have playlist video and pin video? I mean, I want to pin that video, and I can't find pin button also playlist too. Please fix it. I need it",male,"Oslo, Norway",2020-01-02,NEUTRO
aafa7874-dcbc-43d0-8e37-db8753dd83c1,Hi im using my sisters account so How can i search for Videos,male,"Kampala, Uganda",2020-11-29,NEUTRO
66634f85-b3d2-4068-a996-6238006bef20,"Video di galaxy z flip 4 terpotong min, mohon diperbaiki 😩",female,"Wellington, New Zealand",2022-07-18,NEUTRO
8a602f5c-c086-4f75-a160-7a31c187cd3c,Lag,male,"Cairo, Egypt",2020-12-10,NEUTRO
f9fd2de1-e566-4e79-9e13-666fc24b71ff,This is a great app but they have been banning innocent people who didn't do anything owner of tiktok please fix this tiktok,female,"Suva, Fiji",2022-07-07,NEUTRO
a8cd077a-e4c6-41fd-9909-0392c48207e9,Because my download filters is not working if i dont have internet connection,female,"Nadi, Fiji",2022-05-24,NEUTRO
f3384c76-ac7d-4d5e-a9b8-0ef8db033562,Wala lang trip ko lang😁,male,"Marrakesh, Morocco",2020-12-15,NEUTRO
62eb996e-576d-48ec-9f2f-36bc98a61fae,my repost button keep dissappearing WHYY,male,"Houston, United States",2021-07-17,NEUTRO
357aa31c-86b5-41bd-8f27-a15c84fbb877,Nice everyday funniest morning 😇,male,"Lusaka, Zambia",2021-01-11,NEUTRO
0dbb8068-1bac-4a7a-9d52-1293996299bb,It nice ok it's update how to search on effect but can you fix it on tiktok lite it's little bug in tiktok lite😁😁,female,"Hobart, Australia",2022-05-26,NEUTRO
54f95a52-8662-4386-aea8-69f9ba01c65f,Afvkn,male,"New York, United States",2021-11-25,NEUTRO
d5834bf3-78d2-47b3-a5e3-78702806a95b,ln love tiktok,male,"New York, United States",2021-11-22,NEUTRO
50bcecda-a1c5-49d6-b645-e197d955388d,sick,male,"Phoenix, United States",2021-09-04,NEUTRO
cb2693c4-81ed-4905-a7e1-cbefca53a78b,The allow high quality uploads option is gone and I can't upload high quality TikTok video,male,"Chicago, United States",2021-09-20,NEUTRO
5581bb8b-0432-4bba-89d7-13aa0c5e5adc,I suggest to reduce mb,male,"Guadalajara, Mexico",2021-12-08,NEUTRO
355b1e51-f251-4dde-aeb2-252c5422f5e4,"Tiktok glitches now. Whenever i launch it, my phone freezes",female,"Auckland, New Zealand",2022-05-28,NEUTRO
cf5dc7d0-25b8-435b-9995-aa27fb6295b9,I miss you so much Alex singer.,male,"Kampala, Uganda",2020-10-19,NEUTRO
145837d3-9e36-4a40-9ec2-23bc5790a0dc,wow god,male,"Hong Kong, China",2020-06-11,NEUTRO
d60cf848-eecd-46f8-9184-dab6c0b89281,Good,male,"Algiers, Algeria",2020-11-28,NEUTRO
92382f4a-3346-46cb-b753-6ff942f9bff1,Nice 😊👍🏻,female,"Bogotá, Colombia",2022-02-28,NEUTRO
0357b9a9-90a2-42f3-a7f2-dad45a8a09d0,Tik tok is great but I don't like some naughty things,female,"Nadi, Fiji",2022-05-12,NEUTRO
356e0cc7-9f87-4b1f-b968-71137fee580e,So good,male,"Cairo, Egypt",2021-02-11,NEUTRO
c317872c-c17b-4001-8619-99982667ac5d,Nice🥰,male,"Ottawa, Canada",2021-07-08,NEUTRO
86bb0038-d744-46db-a79d-5965f120ba79,"Honestly tiktok is really good but the new update is the problem and i hope you guys can fix it, The filters you download disappear with you go offline and not in every places you can online because there's no internet connection i was just hoping i could film while filters will not disappear like it's really disappointing",female,"Montevideo, Uruguay",2022-03-14,NEUTRO
65050ff2-32a0-4148-bdce-ca46ced892e3,kenapa saya buat account tiktok allynia127 boleh tapi tiba tiba saya dah tak boleh like orang follow orang dan semua nya saya tak suka macm ni tolong baiki please,male,"Caracas, Venezuela",2022-02-10,NEUTRO
07654705-7566-4154-860a-32978cd2da41,aplikasinya bagus banget tapi perjagaannya kurang ketat banyak anak² dibawah 12+ yg mainin,female,"Guayaquil, Ecuador",2022-02-19,NEUTRO
563e0259-b3c7-411f-b339-03b58bff4929,Ehats,male,"Houston, United States",2021-06-10,NEUTRO
a7985169-55f1-48e2-b059-1bf2fe5f4fc1,vbjki[,male,"Guadalajara, Mexico",2021-10-25,NEUTRO
a8830ba4-82e9-4704-82be-e273e8f6cd1a,can you do a feature where all your reposted videos a compiled.,male,"Stockholm, Sweden",2020-05-08,NEUTRO
bfc1306b-fda4-44ca-b6b7-c3105b08b597,Nice,male,"San Antonio, United States",2021-06-10,NEUTRO
42e86a16-f1d8-4c5e-b143-3569f99126a5,When I follow some account its not on my following and it didn't follow so please fix It!!,male,"Seville, Spain",2020-01-11,NEUTRO
eba326f1-f447-4ee7-b2a5-4409b1fbb92a,ង៏តវ័,male,"Los Angeles, United States",2021-04-01,NEUTRO
e0f82fd7-3906-4715-adf7-a6a13fe5b302,See good,male,"Warsaw, Poland",2020-04-11,NEUTRO
1599cbf3-b97d-4550-905f-22127329f0ea,Goog,female,"Port Moresby, Papua New Guinea",2022-06-07,NEUTRO
ad5fbbe8-d320-4a82-9472-6d01a5924702,The app make me happy but the new update sucks,female,"Buenos Aires, Argentina",2022-04-24,NEUTRO
7323d8cd-b659-47f5-a86f-9f6769ae8cd7,i like tiktok but when i open the app its star lag,male,"Monterrey, Mexico",2021-08-19,NEUTRO
b3594656-45ef-4c17-a5db-f360fcb31332,"tiktok please, please people CANNOT see my comment even though i pinned it already and when i open it with my other account i CAN'T SEE IT AS WELL and yes neither does others and i even tried to comment on it BUT I CAN'T SEE IT AS WELL WHEN I GO BACK TO MY MAIN, so i am begging you PLEASE FIX IT.",female,"Perth, Australia",2022-07-22,NEUTRO
2d70a8b1-8677-4a60-9911-1b97f226645a,good,male,"Rome, Italy",2020-05-04,NEUTRO
a47e426f-0c31-443f-8008-ba485297a407,Not bad this app,male,"San Jose, United States",2021-11-29,NEUTRO
8f9a01b9-13c4-4699-8fef-3bbae0410557,ilike this aps,male,"Addis Ababa, Ethiopia",2021-02-19,NEUTRO
6be0edaa-1a2e-44c9-959e-32641377bb0b,It's kinda annoying some times,male,"Rosario, Argentina",2021-12-14,NEUTRO
50caedec-07e4-446f-bfc2-41a5cb92305f,i can't update tiktok please low the mb many people can't download this because the mb is so many:(,female,"Brasília, Brazil",2022-02-14,NEUTRO
8e06a7ef-dfd0-41e3-95f5-b56f0b0d2f39,Can you help me to get more followers and likes,female,"Canberra, Australia",2022-07-29,NEUTRO
7543fea7-76c4-4407-bfb7-fdfeca12fe68,It keeps lagging,female,"Canberra, Australia",2022-08-15,NEUTRO
c52476a3-4c9a-41cf-9db2-44d2aaa5434d,I cannot log innn,male,"Toronto, Canada",2021-06-27,NEUTRO
9f97d381-0ed7-40a3-96cf-bc9ae2b1c2e9,#tricktokmody want to thanks this apps with so much fun and enjoyable in a meantime...,female,"Perth, Australia",2022-07-11,NEUTRO
11d43cdf-2d63-4b3e-bbcd-172dd2c3801c,Its Amazing Im New Tiktok but She So Amazing,male,"Johannesburg, South Africa",2021-03-01,NEUTRO
d8742fc1-907e-453e-a822-a66969fd8acd,i fill relax when i watch tiktok,male,"Fortaleza, Brazil",2021-12-28,NEUTRO
ae4ce018-febc-4f88-bc2c-71f9dca4187a,3/5the problem is i cant log in and everytime i download it it takes so long,male,"Chicago, United States",2021-06-15,NEUTRO
68d758fc-8ef5-41c5-97c5-098adb5e1d8b,"I love this app but My videos doesn't go on fyp and please if ever I delete my tiktok don't delete my drafts, Thankyou",female,"Port Moresby, Papua New Guinea",2022-05-19,NEUTRO
4ef415a3-38d4-474f-ae57-355c487cfd8b,Ok,male,"Kuala Lumpur, Malaysia",2020-05-31,NEUTRO
9cbd99e6-c2b4-426c-9e32-9a359bc5dbaa,It's good but why I can't saved the filters?if I off my wifi the filters will disappear.,male,"La Paz, Bolivia",2022-02-03,NEUTRO
dca068a4-90d8-4ae5-b090-a248421c7ebd,TikTok platform is getting worse than last year because it removing some of the followers without asking the owner of that account.,female,"Lima, Peru",2022-05-05,NEUTRO
4d9abcda-5e96-4b32-9ffb-b8d50bdf657f,What is that you are pic,male,"Rio de Janeiro, Brazil",2021-12-26,NEUTRO
318b0037-4023-4154-ae81-5418545d3dae,Mmm.niceee.but why take my favourite song is not coming out to finding it.titok please repair it,male,"Lahore, Pakistan",2020-06-09,NEUTRO
7f6f200e-5ef1-469c-8853-4bde7428f275,cũng hay đấy nhưng phải cần mạng,male,"San Diego, United States",2021-10-08,NEUTRO
ef9630b9-0360-406a-87a0-f00f38a37ca9,Very nice one app,female,"Bogotá, Colombia",2022-04-14,NEUTRO
2e7893f7-65ee-43c7-a32c-66dc216e02a8,Htet @@&&,male,"Doha, Qatar",2020-06-20,NEUTRO
243ae792-6c6b-4ead-a60d-1c03c6390741,I had a bad experience in filter i cannot download it,female,"Queenstown, New Zealand",2022-09-10,NEUTRO
f127c137-6b18-43a3-9bfd-3412d0abaf0e,"This app has a bug pls fix it my fyp is just not the same when the bug did not happen its all myct and roblox,ect. Videos and now its unrelated stuff and i really dont like it and it always laggs the screen stuck and the music/audio is still there i have to off my phone to unable it",male,"Cape Town, South Africa",2020-11-06,NEUTRO
6aecbc8c-69a3-400f-8b4b-92aeceee49d9,Like,male,"Shenzhen, China",2020-06-14,NEUTRO
fa5f8acf-ff60-41d0-9138-bd557b4fc7a1,"Hey Tiktok. I have some problems here. My tiktok didn't show the YELLOW BAG(tiktok shop) thing and also EFFECT on people's tiktok. I tried login into my friend's phone,it is all okay,it shows the YELLOW BAG and EFFECT but my phone didn't show any of those. Can you please help me out.",male,"San Antonio, United States",2021-10-01,NEUTRO
b34bc829-1aff-468f-919d-c999ba09cf0c,I'll give you tree star because Ilove Cocomelon....,male,"Krakow, Poland",2020-01-20,NEUTRO
9b70e185-a37e-49fd-ad18-6bb6bc8b1310,Why not instaring,male,"Denver, United States",2021-08-26,NEUTRO
69c6001e-8116-49e5-bfbf-4ef86a527a9a,"Not bad,...",male,"Johannesburg, South Africa",2021-03-05,NEUTRO
3a1f4bde-60f9-44a4-8292-fd1c200297c1,My tik tok doesn't update Please can you help me tiktok update,female,"Sydney, Australia",2022-08-16,NEUTRO
46837247-ea23-4a76-a7a9-8d1519f97e7e,I like it very much 😊,male,"Delhi, India",2020-10-18,NEUTRO
9114bd31-a0c3-4963-aa57-9cb8cb081ff4,Mind your on business.,male,"Vancouver, Canada",2021-05-01,NEUTRO
896ac8f2-7304-4886-a293-9b2af9cc9091,I love this tiktok,male,"Zurich, Switzerland",2020-01-17,NEUTRO
c79df782-1596-4be1-8048-2d84e18445e4,Good,male,"Kumasi, Ghana",2021-03-11,NEUTRO
82f83b45-f7c2-440d-9a29-88f88e5f0b52,Good,male,"Washington DC, United States",2021-10-03,NEUTRO
64425481-f6f4-479d-90f3-54589aaaf900,I still want to see that,male,"Delhi, India",2020-06-20,NEUTRO
03f29e47-8d52-4d78-902c-3e6e02e0f9f2,"Honestly a great app, my only problem is my fyp sucks, the not interested button doesn't even work. Honestly so annoyed bc even if i don't like the content in my fyp and i remove it the same content is still there, I'm here in tiktok for kpop things and stuff, my fyp is full of thirst traps and anime and I don't even like or comment in that kind videos i just hope that the not interested button work more and that fyp just don't have random and not related videos.",male,"Lusaka, Zambia",2020-12-06,NEUTRO
